,name,PP
0,b1_1_for_each_linear,0.7875524618395133
1,b1_2_for_each_quadratic,0.7485010468573073
2,b1_4_for_each_exponential,0.41623553532277086
