,name,GCC(TBB),NVC(OMP),PP,INTERPRET
0,b5_1_find_first_entry,30942,82620,0.5449358059914409,BAD
1,b5_1_find_last_entry,2569080,6614470,0.5594960554469677,BAD
2,b5_1_find_non_existing,2548960,5144790,0.6626053614947197,BAD
3,b5_2_partition,60038600,1279210000,0.08966012732811518,BAD
4,b5_3_unique_copy,9203790,141536000,0.12211493727037832,BAD
5,b5_4_minmax_element_all_equal,2614570,17235500,0.26343181661324117,BAD
6,b5_4_minmax_element_increasing,2615560,15239700,0.2929736111375583,BAD
