,name,GCC(TBB),NVC(OMP),PP,INTERPRET
0,b6_1_inclusive_scan,12115800,64645400,0.315675106694528,BAD
1,b6_2_exclusive_scan,12121200,65176200,0.3136250378408588,BAD
