,name,GCC(TBB),NVC(OMP),PP,INTERPRET
0,b9_1_transform_baseline,8625810,5758630,0.8006748959292125,BAD
1,b9_2_transform_old_iota,244995000,258013000,0.974119695909409,GOOD
2,b9_3_transform_views_iota,54126100,5696680,0.19045186465757694,BAD
3,b9_5_transform_custom_iterator,8600040,5445600,0.7754150042290703,BAD
4,b9_6_transform_boost,8474370,5583200,0.7943335868147909,BAD
