,name,GCC(TBB),NVC(OMP),PP,Percentage,INTERPRET
0,b1_1_for_each_linear_mandelbrot,30.284707807759858,7.548728434123336,0.3990506379521815,0.3990506379521815,BAD
1,b1_2_for_each_quadratic_mandelbrot,29.52496222556843,15.842795852947926,0.6984165197464405,0.6984165197464405,BAD
