,name,GCC(TBB),NVC(OMP),PP,Percentage,INTERPRET
0,b1_1_for_each_linear_mandelbrot,59.56491214932275,11.774896421044062,0.33010731755552053,0.33010731755552053,BAD
1,b1_2_for_each_quadratic_mandelbrot,53.84203125414555,30.414973082503028,0.7219571434317817,0.7219571434317817,BAD
