,name,GCC(TBB),NVC(OMP),PP,INTERPRET
0,b5_1_find_first_entry,44605,76977,0.733743481765393,BAD
1,b5_1_find_last_entry,3002260,11000900,0.4287974999928588,BAD
2,b5_1_find_non_existing,3057450,10803000,0.4411761522894278,BAD
3,b5_2_partition,29879900,1758580000,0.0334141123320685,BAD
4,b5_3_unique_copy,6855880,100667000,0.12752411393742427,BAD
5,b5_4_minmax_element_all_equal,2890990,10072600,0.4460168826690755,BAD
6,b5_4_minmax_element_increasing,3022950,9541440,0.48119327719053623,BAD
