,name,GCC(TBB),NVC(OMP),PP,INTERPRET
0,b9_1_transform_baseline,6746610,5662400,0.9126271958842808,GOOD
1,b9_2_transform_old_iota,173627000,173347000,0.9991930231083598,GOOD
2,b9_3_transform_views_iota,40935900,4309800,0.19050650117027695,BAD
3,b9_5_transform_custom_iterator,6590120,4708240,0.8334377732697489,BAD
4,b9_6_transform_boost,6748140,4327940,0.7814930914186247,BAD
