,name,GCC(TBB),NVC(OMP),PP,INTERPRET
0,b6_1_inclusive_scan,10988100,49345800,0.36424298777304304,BAD
1,b6_2_exclusive_scan,11003300,52041100,0.3490651033240066,BAD
