,name,PP
0,b1_1_for_each_linear,0.651257770899457
1,b1_2_for_each_quadratic,0.7848913992873566
2,b1_4_for_each_exponential,0.055113921055777254
